Iteration,Loss,Elapsed Time
1,9.555,44.1
2,9.609,68.8
3,9.577,91.4
4,9.644,114
5,9.68,137.1
6,9.74,160.7
7,9.709,183
8,9.714,207.2
9,9.759,238.5
10,9.743,267.7
11,9.764,298.7
12,9.714,335.2
13,9.616,361.7
14,9.533,386.7
15,9.406,414
16,9.349,439.9
17,9.26,467
18,9.069,493.6
19,8.948,518.9
20,8.758,545
21,8.557,570.5
22,8.32,596.6
23,8.081,622.6
24,7.927,656.8
25,7.715,682.3
26,7.505,708.7
27,7.344,736.8
28,7.165,762.8
29,6.994,785.6
30,6.805,810.6
31,6.6,838.4
32,6.533,864.2
33,6.335,890.8
34,6.179,917.9
35,6.049,942.9
36,5.981,976
37,5.823,1002.3
38,5.715,1026.5
39,5.564,1052
40,5.433,1076.4
41,5.324,1101.8
42,5.251,1128.5
43,5.144,1153.9
44,5.087,1178.1
45,5.013,1208.3
46,4.954,1233.7
47,4.879,1260.5
48,4.848,1293.9
49,4.773,1318.9
50,4.711,1343.4
51,4.649,1370.8
52,4.599,1394.5
53,4.623,1419.5
54,4.559,1446.1
55,4.481,1472.7
56,4.41,1497.5
57,4.38,1524.2
58,4.31,1548.6
59,4.28,1574.5
60,4.275,1608.8
61,4.247,1635.3
62,4.255,1660.7
63,4.212,1688.1
64,4.13,1713.8
65,4.076,1739.1
66,4.046,1766.2
67,4.05,1792.9
68,4.012,1817.3
69,4.003,1845.3
70,3.979,1869.7
71,3.985,1895
72,3.928,1928.4
73,3.871,1952.5
74,3.9,1977
75,3.865,2005.3
76,3.849,2030.8
77,3.863,2056.2
78,3.899,2082.7
79,3.894,2106.8
80,3.855,2133.6
81,3.861,2160.2
82,3.813,2185.3
83,3.775,2211.9
84,3.74,2242.1
85,3.704,2267.9
86,3.682,2293
87,3.703,2317.8
88,3.679,2345.6
89,3.727,2368.8
90,3.688,2394.8
91,3.69,2422.4
92,3.752,2448.5
93,3.731,2472.7
94,3.706,2498.7
95,3.733,2523.5
96,3.715,2556.4
97,3.692,2583.3
98,3.67,2608.2
99,3.673,2633.4
100,3.683,2659.8
101,3.646,2684.9
102,3.623,2710.7
103,3.595,2738.7
104,3.572,2764
105,3.572,2788.7
106,3.538,2815.8
107,3.515,2847.9
108,3.507,2875.2
109,3.495,2903.1
110,3.485,2927.3
111,3.464,2951.6
112,3.445,2977.8
113,3.394,3001.5
114,3.41,3031.1
115,3.381,3058.4
116,3.361,3082.9
117,3.406,3111.3
118,3.388,3136.2
119,3.39,3168
120,3.37,3195.7
121,3.373,3222.1
122,3.358,3245.3
123,3.331,3273
124,3.335,3299.4
125,3.341,3327.4
126,3.321,3352.3
127,3.332,3378.4
128,3.286,3402.2
129,3.305,3426.7
130,3.301,3451.5
131,3.298,3483.7
132,3.251,3508
133,3.266,3533.3
134,3.282,3558.8
135,3.254,3585.3
136,3.232,3609.9
137,3.219,3636.9
138,3.233,3663.5
139,3.247,3687.9
140,3.205,3714
141,3.23,3739.9
142,3.228,3765.5
143,3.222,3798.7
144,3.25,3825.2
145,3.208,3850.1
146,3.167,3876.5
147,3.157,3900.6
148,3.147,3925.8
149,3.16,3953.9
150,3.151,3980.1
151,3.114,4005.6
152,3.152,4032.4
153,3.121,4059
154,3.104,4084
155,3.085,4116.7
156,3.107,4141.4
157,3.097,4167.9
158,3.064,4196.7
159,3.059,4222.4
160,3.046,4247.9
161,3.032,4273.9
162,3.025,4297.9
163,3.052,4322.7
164,3.049,4348.6
165,3.055,4376
166,3.027,4400
167,3.025,4432.6
168,3.026,4456
169,3.008,4482.4
170,3.003,4508.5
171,3.007,4533.7
172,2.977,4559.6
173,2.927,4586.5
174,2.914,4610.8
175,2.907,4635.2
176,2.859,4660.5
177,2.907,4686.7
178,2.93,4711.7
179,2.879,4744.3
180,2.89,4770.4
181,2.918,4795.2
182,2.927,4822.7
183,2.936,4846.9
184,2.934,4873.6
185,2.926,4898.8
186,2.93,4923.8
187,2.935,4949.6
188,2.963,4973.6
189,2.975,5001.4
190,2.946,5026
191,2.923,5059
192,2.937,5084.5
193,2.947,5110.5
194,2.891,5135.8
195,2.86,5163
196,2.828,5190
197,2.842,5215.3
198,2.812,5242.8
199,2.839,5268.9
200,2.858,5292.2
201,2.881,5319.5
202,2.901,5351.5
203,2.89,5374.7
204,2.886,5400.6
205,2.858,5424.3
206,2.86,5448.3
207,2.855,5474.9
208,2.841,5501.5
209,2.826,5528.3
210,2.804,5554.6
211,2.801,5580.6
212,2.788,5605.7
213,2.828,5632.1
214,2.82,5663.1
215,2.801,5688.2
216,2.784,5713.6
217,2.761,5737.7
218,2.769,5762.9
219,2.82,5791.3
220,2.845,5819.1
221,2.874,5844.5
222,2.86,5871.1
223,2.834,5896
224,2.809,5919.3
225,2.801,5946.8
226,2.773,5980.9
227,2.781,6005.7
228,2.766,6031.4
229,2.793,6056.8
230,2.779,6082.7
231,2.733,6108.5
232,2.718,6134.1
233,2.726,6159.7
234,2.737,6185.8
235,2.771,6210.1
236,2.784,6235.2
237,2.773,6260.1
238,2.752,6294.5
239,2.76,6318.6
240,2.754,6344
241,2.713,6369.7
242,2.715,6395.6
243,2.695,6423.8
244,2.667,6450.7
245,2.646,6475
246,2.722,6499.6
247,2.697,6526.7
248,2.673,6550.9
249,2.632,6577.2
250,2.614,6608.7
251,2.571,6633.7
252,2.589,6658.6
253,2.574,6684.8
254,2.592,6710.6
255,2.584,6737.3
256,2.548,6764.4
257,2.56,6790
258,2.596,6814.7
259,2.591,6842.5
260,2.577,6868.6
261,2.546,6894.1
262,2.591,6927.3
263,2.604,6952.9
264,2.597,6979.7
265,2.585,7004.6
266,2.568,7030.4
267,2.574,7056.4
268,2.569,7083
269,2.567,7108.7
270,2.594,7134.5
271,2.577,7160.5
272,2.553,7185.2
273,2.543,7211.4
274,2.539,7242.1
275,2.509,7267.6
276,2.516,7293.5
277,2.532,7318.5
278,2.531,7344
279,2.49,7368.9
280,2.507,7393.9
281,2.49,7419.8
282,2.467,7445.2
283,2.457,7469.9
284,2.469,7496
285,2.43,7520.6
286,2.421,7553.8
287,2.443,7580.6
288,2.433,7604.6
289,2.407,7627.8
290,2.411,7654.4
291,2.4,7681.3
292,2.416,7707.8
293,2.417,7734.3
294,2.428,7759.5
295,2.426,7784.1
296,2.464,7810.5
297,2.489,7842.6
298,2.477,7869.2
299,2.5,7897
300,2.501,7922.1
301,2.492,7946.8
302,2.488,7974.2
303,2.457,8002.4
304,2.452,8028.3
305,2.458,8053.9
306,2.449,8077.8
307,2.433,8103.2
308,2.426,8130
309,2.47,8162.5
310,2.438,8187.2
311,2.404,8213
312,2.398,8239.2
313,2.39,8265
314,2.381,8291.4
315,2.389,8316.8
316,2.371,8341.9
317,2.376,8366.9
318,2.37,8391
319,2.415,8418.2
320,2.428,8443.7
321,2.398,8477
322,2.385,8502
323,2.344,8525.5
324,2.352,8551.9
325,2.375,8577.3
326,2.345,8604.1
327,2.331,8632
328,2.272,8657
329,2.294,8683.7
330,2.301,8709.3
331,2.328,8734.6
332,2.335,8759.8
333,2.343,8793.6
334,2.344,8819.5
335,2.358,8845.1
336,2.349,8870.7
337,2.33,8895.9
338,2.318,8921.7
339,2.327,8950.3
340,2.336,8976.5
341,2.344,9002.7
342,2.333,9028.9
343,2.35,9056
344,2.329,9081.7
345,2.325,9115
346,2.284,9140.2
347,2.282,9165.5
348,2.277,9192.4
349,2.322,9218.8
350,2.325,9245.1
351,2.383,9269.5
352,2.389,9294.6
353,2.35,9319.8
354,2.322,9345.9
355,2.327,9373.3
356,2.299,9397.4
357,2.33,9430
358,2.312,9456
359,2.296,9480.4
360,2.311,9507.2
361,2.308,9534
362,2.309,9559.2
363,2.288,9585.1
364,2.274,9611
365,2.274,9636.1
366,2.28,9661.6
367,2.317,9686.7
368,2.327,9710
369,2.295,9744.1
370,2.276,9769.3
371,2.294,9794.5
372,2.269,9822.5
373,2.318,9850.2
374,2.29,9875.3
375,2.287,9901.8
376,2.295,9927.2
377,2.28,9952.6
378,2.33,9980.3
379,2.329,10004.5
380,2.329,10028.5
381,2.299,10063.2
382,2.305,10089.6
383,2.301,10114.5
384,2.295,10141.6
385,2.253,10166.6
386,2.234,10190.3
387,2.21,10218.7
388,2.195,10243.5
389,2.182,10268.6
390,2.2,10293.3
391,2.268,10318.5
392,2.275,10349.9
393,2.242,10375.1
394,2.213,10402.5
395,2.236,10425.6
396,2.236,10449.9
397,2.219,10476.9
398,2.202,10502.6
399,2.217,10528.4
400,2.225,10554.9
401,2.216,10579.6
402,2.208,10607.3
403,2.181,10635.2
404,2.151,10666
405,2.138,10691.4
406,2.116,10717.6
407,2.098,10744.8
408,2.117,10772.6
409,2.137,10799
410,2.13,10824.4
411,2.151,10850.1
412,2.155,10876.6
413,2.192,10901.7
414,2.196,10927
415,2.231,10951.6
416,2.215,10985.6
417,2.22,11010.7
418,2.22,11037.7
419,2.213,11061.9
420,2.193,11087.2
421,2.168,11115.6
422,2.137,11139.4
423,2.129,11165.2
424,2.13,11190.9
425,2.164,11216.3
426,2.155,11243
427,2.168,11270.2
428,2.16,11301.6
429,2.135,11328
430,2.108,11353.2
431,2.122,11378.1
432,2.106,11404.4
433,2.127,11430.7
434,2.157,11455.7
435,2.178,11481.9
436,2.204,11509.2
437,2.212,11534.4
438,2.196,11559.3
439,2.175,11585.4
440,2.194,11618.3
441,2.181,11642.8
442,2.176,11669.2
443,2.17,11694.5
444,2.144,11721.9
445,2.162,11748.8
446,2.136,11776
447,2.128,11799.5
448,2.132,11826.6
449,2.157,11852.2
450,2.134,11875.6
451,2.138,11901.4
452,2.145,11934.6
453,2.134,11959.9
454,2.135,11986.1
455,2.107,12014.3
456,2.117,12039.7
457,2.116,12064.8
458,2.121,12090.5
459,2.15,12114.7
460,2.181,12138.6
461,2.144,12164.2
462,2.126,12188
463,2.121,12213.4
464,2.112,12245.9
465,2.121,12270.1
466,2.109,12294.2
467,2.08,12321.3
468,2.08,12346.3
469,2.087,12372
470,2.084,12397.6
471,2.118,12423.2
472,2.132,12447.8
473,2.121,12474.3
474,2.091,12499.8
475,2.092,12527.3
476,2.075,12561.7
477,2.021,12585.8
478,2.008,12610.2
479,2.024,12637.9
480,2.006,12663.3
481,2.018,12689.1
482,2.061,12716.6
483,2.053,12742.6
484,2.033,12767.7
485,2.041,12795.2
486,2.061,12822.4
487,2.066,12853.9
488,2.057,12879.8
489,2.09,12904.4
490,2.082,12930.6
491,2.073,12958.9
492,2.088,12985.2
493,2.086,13010
494,2.106,13036.2
495,2.089,13060
496,2.049,13085.3
497,2.035,13111
498,2.013,13139.2
499,2.029,13170.9
500,2.029,13197.3
501,2.033,13223.5
502,2.046,13250.2
503,2.048,13277.1
504,2.016,13302.8
505,2.001,13329.3
506,2.006,13354.8
507,2.05,13379.9
508,2.048,13405.8
509,2.03,13433
510,2.025,13458.6
511,2.018,13489.3
512,1.988,13514.9
513,2.014,13541.4
514,2.026,13567.8
515,2.048,13593.2
516,2.061,13621.4
517,2.044,13646.3
518,2.019,13671
519,2.002,13695.7
520,1.968,13720.2
521,1.955,13748.3
522,1.983,13774.7
523,1.96,13805.8
524,1.933,13830.5
525,1.926,13857.3
526,1.902,13883.1
527,1.916,13907.1
528,1.929,13933.5
529,1.937,13959.5
530,1.967,13984.6
531,1.961,14010.5
532,1.944,14038
533,1.93,14063.4
534,1.932,14090.8
535,1.942,14123.7
536,1.922,14149.3
537,1.941,14175.6
538,1.928,14202.1
539,1.91,14225.2
540,1.925,14252
541,1.966,14278.3
542,1.944,14302.5
543,1.927,14328.9
544,1.946,14353.4
545,1.944,14378.8
546,1.951,14403.6
547,1.961,14435.3
548,1.968,14461.4
549,1.936,14489.5
550,1.942,14515.4
551,1.961,14540.8
552,1.969,14564.7
553,1.964,14590.6
554,1.938,14615
555,1.953,14640
556,1.954,14664.7
557,1.989,14689.4
558,1.989,14716.6
559,2.001,14748.8
560,1.962,14772.6
561,1.977,14799.2
562,1.951,14824.1
563,1.932,14848.4
564,1.956,14872.9
565,1.937,14900.2
566,1.948,14924.3
567,1.943,14949
568,1.944,14977.3
569,1.96,15003.9
570,1.942,15027.7
571,1.948,15059.8
572,1.971,15086.6
573,1.941,15113.8
574,1.949,15142.7
575,1.929,15168
576,1.914,15192.7
577,1.897,15220.6
578,1.882,15246.2
579,1.92,15271.7
580,1.919,15297.8
581,1.92,15324.1
582,1.932,15355.1
583,1.903,15380.2
584,1.923,15405.1
585,1.93,15432.3
586,1.935,15459.5
587,1.929,15484.8
588,1.971,15510.9
589,1.948,15536.1
590,1.954,15560.7
591,1.948,15585.6
592,1.958,15612.8
593,1.941,15639.2
594,1.917,15673.3
595,1.902,15699.5
596,1.889,15724.7
597,1.885,15753
598,1.855,15779.4
599,1.865,15804.1
600,1.882,15830.3
601,1.893,15857.8
602,1.889,15881.3
603,1.872,15906.3
604,1.871,15934.1
605,1.884,15959
606,1.962,15992
607,1.953,16018.9
608,1.964,16044.6
609,1.937,16070.8
610,1.927,16097.4
611,1.915,16123.3
612,1.882,16147.9
613,1.859,16175
614,1.871,16201.8
615,1.865,16225.5
616,1.917,16250.6
617,1.931,16275
618,1.928,16307.2
619,1.924,16333.1
620,1.926,16359.3
621,1.899,16384.3
622,1.9,16411.3
623,1.907,16437
624,1.899,16462.6
625,1.897,16489.4
626,1.901,16515.4
627,1.877,16539.3
628,1.897,16562.6
629,1.929,16589.6
630,1.915,16621.3
631,1.904,16646.2
632,1.899,16672
633,1.928,16697.5
634,1.897,16722
635,1.882,16747.6
636,1.851,16772.8
637,1.856,16798.4
638,1.831,16825.5
639,1.837,16848.9
640,1.84,16876.9
641,1.862,16905
642,1.865,16935.7
643,1.857,16961.8
644,1.852,16990.1
645,1.874,17016.7
646,1.878,17041.7
647,1.882,17069.3
648,1.882,17096.4
649,1.857,17122.3
650,1.87,17150.1
651,1.87,17176.5
652,1.854,17200.6
653,1.841,17227.4
654,1.827,17258.8
655,1.824,17284.5
656,1.811,17311.8
657,1.807,17335.9
658,1.789,17362.2
659,1.789,17388.3
660,1.793,17412.3
661,1.787,17436.6
662,1.813,17462.5
663,1.838,17488.7
664,1.869,17512.9
665,1.861,17540.2
666,1.856,17572.1
667,1.87,17597.6
668,1.877,17625.3
669,1.858,17651.1
670,1.846,17675.3
671,1.857,17701.9
672,1.842,17727.5
673,1.849,17751.6
674,1.821,17776.3
675,1.808,17800.6
676,1.828,17825
677,1.856,17859.4
678,1.836,17883.8
679,1.837,17910.4
680,1.813,17936.1
681,1.78,17961.3
682,1.812,17986.3
683,1.82,18013.2
684,1.841,18040.3
685,1.831,18067.3
686,1.847,18091.9
687,1.841,18118.3
688,1.843,18140.7
689,1.835,18174.9
690,1.873,18201.7
691,1.874,18227.8
692,1.85,18253.3
693,1.869,18282.4
694,1.868,18308.7
695,1.845,18333.5
696,1.842,18359
697,1.849,18384.4
698,1.84,18409.6
699,1.835,18438.1
700,1.816,18462.7
701,1.811,18494.3
702,1.82,18520.5
703,1.84,18546.5
704,1.831,18571
705,1.813,18598
706,1.797,18623.2
707,1.794,18651.1
708,1.773,18678.2
709,1.761,18704.5
710,1.756,18730.2
711,1.779,18758
712,1.777,18783.4
713,1.771,18815.7
714,1.742,18843.6
715,1.773,18869.5
716,1.76,18893.4
717,1.779,18921.1
718,1.785,18948.3
719,1.776,18973.9
720,1.781,19001.6
721,1.781,19027.4
722,1.788,19052.5
723,1.768,19081.9
724,1.753,19107.2
725,1.738,19138.5
726,1.768,19166.3
727,1.737,19191.6
728,1.766,19216.6
729,1.759,19241.9
730,1.77,19267.3
731,1.758,19292.9
732,1.796,19321
733,1.811,19345.8
734,1.82,19371.3
735,1.824,19398.1
736,1.834,19422.9
737,1.823,19456.2
738,1.81,19482
739,1.793,19507.3
740,1.813,19533.8
741,1.815,19560.3
742,1.796,19583.9
743,1.779,19609.3
744,1.759,19636.8
745,1.753,19664.4
746,1.769,19688.7
747,1.74,19715.7
748,1.772,19741.9
749,1.749,19777.2
750,1.789,19803.3
751,1.787,19828.3
752,1.798,19854.8
753,1.823,19881.3
754,1.855,19907.3
755,1.848,19930.7
756,1.887,19959
757,1.913,19987.2
758,1.903,20012.8
759,1.927,20040.8
760,1.912,20066.6
761,1.92,20101.2
762,1.928,20127.7
763,1.924,20153.5
764,1.976,20178
765,1.981,20203.9
766,1.95,20227.9
767,1.919,20254.2
768,1.945,20281.7
769,1.928,20306.7
770,1.924,20332.4
771,1.931,20357.2
772,1.911,20390.1
773,1.866,20415.6
774,1.878,20441.2
775,1.846,20469.1
776,1.839,20494.9
777,1.846,20522
778,1.86,20548.2
779,1.851,20573.6
780,1.871,20600
781,1.879,20625.7
782,1.896,20650.8
783,1.902,20679
784,1.877,20711.1
785,1.85,20736.6
786,1.848,20763.8
787,1.812,20788.3
788,1.82,20814.4
789,1.788,20843.9
790,1.788,20870.7
791,1.781,20898
792,1.791,20923.9
793,1.763,20949
794,1.753,20974.9
795,1.728,21000.6
796,1.697,21033.7
797,1.687,21059.3
798,1.674,21086.5
799,1.701,21113.5
800,1.68,21138.6
801,1.702,21165
802,1.683,21193.4
803,1.668,21221
804,1.645,21248.6
805,1.678,21275
806,1.64,21300
807,1.61,21327.5
808,1.598,21358.4
809,1.635,21383.4
810,1.653,21411
811,1.637,21435.9
812,1.629,21460.6
813,1.673,21486.2
814,1.681,21511.3
815,1.669,21536.4
816,1.672,21561.3
817,1.67,21586.5
818,1.649,21613.4
819,1.654,21641.6
820,1.66,21672.8
821,1.658,21697.9
822,1.662,21723.6
823,1.725,21749.4
824,1.742,21773.6
825,1.743,21799.1
826,1.721,21826.6
827,1.741,21852.4
828,1.736,21877.2
829,1.737,21903.4
830,1.748,21929.7
831,1.797,21957.6
832,1.764,21991.5
833,1.753,22016.5
834,1.741,22043.7
835,1.76,22067.7
836,1.765,22095
837,1.749,22120.3
838,1.728,22147.6
839,1.738,22171.8
840,1.721,22197
841,1.723,22222.4
842,1.716,22246.5
843,1.69,22273.7
844,1.684,22308.2
845,1.676,22331.8
846,1.695,22357.1
847,1.69,22384.3
848,1.666,22408.8
849,1.638,22432.6
850,1.625,22458.1
851,1.624,22483.3
852,1.638,22510.4
853,1.649,22537.5
854,1.625,22561.5
855,1.604,22587.1
856,1.591,22620
857,1.589,22644.5
858,1.617,22669.9
859,1.61,22697.5
860,1.602,22720.9
861,1.613,22746.2
862,1.595,22773.3
863,1.606,22799.5
864,1.592,22825.8
865,1.591,22852.6
866,1.602,22878.4
867,1.593,22911.2
868,1.586,22938.4
869,1.579,22965
870,1.565,22988.9
871,1.57,23014.9
872,1.589,23040.3
873,1.602,23064
874,1.597,23089.2
875,1.577,23114.2
876,1.64,23139.6
877,1.644,23164.7
878,1.639,23190.6
879,1.624,23223.2
880,1.606,23247
881,1.607,23273.3
882,1.63,23298.9
883,1.632,23323.7
884,1.666,23349.8
885,1.636,23374.9
886,1.615,23399.8
887,1.65,23426.2
888,1.647,23450.3
889,1.648,23476.4
890,1.661,23505.1
891,1.676,23537.4
892,1.668,23562.9
893,1.655,23588.9
894,1.665,23614.2
895,1.678,23640.3
896,1.669,23666
897,1.686,23691.8
898,1.669,23718
899,1.674,23745.4
900,1.658,23769.5
901,1.63,23796.3
902,1.637,23824.4
903,1.68,23857.4
904,1.66,23882.6
905,1.666,23909.2
906,1.647,23934.9
907,1.639,23958.8
908,1.652,23985.1
909,1.646,24009.5
910,1.649,24035.9
911,1.668,24061.7
912,1.671,24086.5
913,1.652,24113.9
914,1.646,24143.8
915,1.633,24177.9
916,1.622,24203.8
917,1.616,24229.9
918,1.644,24255.7
919,1.623,24281.6
920,1.601,24308.6
921,1.607,24333
922,1.599,24358.5
923,1.607,24384.8
924,1.611,24409.6
925,1.579,24436.4
926,1.57,24463.6
927,1.598,24494.7
928,1.617,24520.4
929,1.663,24549
930,1.657,24575.8
931,1.644,24602.4
932,1.64,24629.5
933,1.675,24655
934,1.642,24680.2
935,1.619,24707.2
936,1.62,24731.9
937,1.651,24758.8
938,1.628,24784.4
939,1.615,24816.7
940,1.618,24843
941,1.611,24870
942,1.605,24893.9
943,1.608,24919.4
944,1.61,24943.5
945,1.607,24968.7
946,1.622,24996.2
947,1.601,25022.4
948,1.6,25049
949,1.593,25076
950,1.605,25102.8
951,1.616,25135.1
952,1.612,25159.8
953,1.631,25189.7
954,1.636,25216.9
955,1.616,25243.4
956,1.629,25269
957,1.601,25294.1
958,1.592,25318.8
959,1.573,25346.7
960,1.563,25373.7
961,1.558,25398.4
962,1.564,25432.2
963,1.605,25457.1
964,1.583,25483.1
965,1.569,25509.1
966,1.554,25534.9
967,1.525,25561.9
968,1.556,25590.1
969,1.544,25616.5
970,1.579,25644
971,1.578,25669.6
972,1.568,25698.1
973,1.587,25726.3
974,1.602,25761.2
975,1.638,25787.5
976,1.64,25813.8
977,1.616,25841.4
978,1.596,25866.3
979,1.609,25893.6
980,1.583,25921.3
981,1.567,25949.3
982,1.547,25974.7
983,1.548,26001.1
984,1.562,26027.5
985,1.553,26053.9
986,1.55,26087.7
987,1.538,26115
988,1.517,26141.4
989,1.509,26168.2
990,1.544,26193.5
991,1.576,26219.6
992,1.592,26247.8
993,1.598,26273.4
994,1.593,26297.8
995,1.587,26324.7
996,1.573,26350.3
997,1.584,26377
998,1.583,26411
999,1.587,26436.7
1000,1.586,26461.8
1001,1.596,26489.1
1002,1.588,26516.3
1003,1.58,26542.8
1004,1.577,26571.1
1005,1.577,26596.7
1006,1.587,26623.6
1007,1.581,26651.3
1008,1.571,26677
1009,1.564,26703
1010,1.56,26738.2
1011,1.564,26764.3
1012,1.568,26791.7
1013,1.556,26819.6
1014,1.527,26843.5
1015,1.535,26871.3
1016,1.534,26896.2
1017,1.547,26922.8
1018,1.558,26949.8
1019,1.565,26979.2
1020,1.577,27005.3
1021,1.581,27029.3
1022,1.565,27063.3
1023,1.571,27088.4
1024,1.58,27116.7
1025,1.623,27140.9
1026,1.606,27168
1027,1.62,27193.5
1028,1.613,27221.4
1029,1.645,27248.4
1030,1.636,27275.2
1031,1.608,27301.4
1032,1.612,27329.2
1033,1.617,27356
1034,1.625,27389
1035,1.598,27416.2
1036,1.608,27443.4
1037,1.615,27472.1
1038,1.597,27499.4
1039,1.607,27526.2
1040,1.598,27552.6
1041,1.596,27578.2
1042,1.58,27605.1
1043,1.563,27631.1
1044,1.605,27656.6
1045,1.621,27682
1046,1.623,27715.2
1047,1.629,27740.2
1048,1.63,27768.6
1049,1.63,27796
1050,1.606,27821.6
1051,1.59,27849.6
1052,1.622,27876.5
1053,1.646,27902.5
1054,1.636,27930.7
1055,1.626,27957.7
1056,1.628,27983.3
1057,1.632,28016.7
1058,1.611,28043.1
1059,1.596,28068.5
1060,1.592,28095.8
1061,1.567,28122.1
1062,1.566,28149.4
1063,1.562,28177.3
1064,1.554,28203.2
1065,1.578,28226.7
1066,1.58,28255.3
1067,1.615,28282.1
1068,1.588,28308.5
1069,1.558,28343.1
1070,1.547,28369
1071,1.529,28396
1072,1.567,28421.7
1073,1.561,28448.2
1074,1.558,28475.8
1075,1.573,28503.5
1076,1.576,28530.4
1077,1.55,28557.8
1078,1.59,28587.4
1079,1.583,28613.5
1080,1.594,28639.1
1081,1.599,28673.6
1082,1.572,28700.7
1083,1.568,28725.6
1084,1.578,28751.3
1085,1.558,28778.9
1086,1.592,28805
1087,1.585,28831.3
1088,1.574,28857.4
1089,1.561,28883.9
1090,1.569,28912.2
1091,1.603,28939
1092,1.609,28963.8
1093,1.616,29000.9
1094,1.611,29026.9
1095,1.593,29053.7
1096,1.591,29079.2
1097,1.572,29106.8
1098,1.571,29132.8
1099,1.588,29158.4
1100,1.579,29184.9
1101,1.591,29211.9
1102,1.59,29238.3
1103,1.585,29263
1104,1.57,29288.6
1105,1.571,29323.1
1106,1.569,29351.2
1107,1.583,29378.6
1108,1.58,29407
1109,1.575,29432.6
1110,1.559,29459.5
1111,1.591,29484.7
1112,1.579,29510.6
1113,1.611,29538
1114,1.634,29563.5
1115,1.615,29588.7
1116,1.593,29617.6
1117,1.611,29649.7
1118,1.6,29676.5
1119,1.604,29701.5
1120,1.598,29727.7
1121,1.581,29752.9
1122,1.557,29778.6
1123,1.538,29803.2
1124,1.533,29829.8
1125,1.562,29856.9
1126,1.557,29881.8
1127,1.572,29909
1128,1.544,29935.2
1129,1.518,29969.6
1130,1.533,29993.7
1131,1.563,30021.8
1132,1.547,30048.1
1133,1.534,30074.8
1134,1.514,30103
1135,1.504,30129
1136,1.53,30153.6
1137,1.532,30181.6
1138,1.573,30207.2
1139,1.57,30232.1
1140,1.55,30259.3
1141,1.552,30292.6
1142,1.558,30318.3
1143,1.54,30346.2
1144,1.542,30371.4
1145,1.551,30397.7
1146,1.56,30423.5
1147,1.562,30449.3
1148,1.581,30475.6
1149,1.574,30503.4
1150,1.568,30530.9
1151,1.575,30556.2
1152,1.564,30590.1
1153,1.588,30615.7
1154,1.601,30641.6
1155,1.591,30671.2
1156,1.575,30697.5
1157,1.578,30725.7
1158,1.586,30752.8
1159,1.588,30778.8
1160,1.608,30806.4
1161,1.605,30833.3
1162,1.606,30859.3
1163,1.62,30882.9
1164,1.603,30916.6
1165,1.602,30942.3
1166,1.593,30970.6
1167,1.59,30996.8
1168,1.594,31022.1
1169,1.549,31046.6
1170,1.581,31072.8
1171,1.569,31098.4
1172,1.547,31123.9
1173,1.523,31150.9
1174,1.519,31179.4
1175,1.514,31205.8
1176,1.51,31239.2
1177,1.515,31265.5
1178,1.54,31290.6
1179,1.527,31317.3
1180,1.518,31342.2
1181,1.53,31366.8
1182,1.534,31394.7
1183,1.543,31420.6
1184,1.573,31445.7
1185,1.556,31472.9
1186,1.535,31498.7
1187,1.533,31523.9
1188,1.583,31556.8
1189,1.589,31581.2
1190,1.58,31605.6
1191,1.585,31631.4
1192,1.567,31657.8
1193,1.562,31683
1194,1.617,31710.4
1195,1.605,31736.7
1196,1.604,31761.2
1197,1.609,31788.2
1198,1.586,31814.7
1199,1.616,31841.5
1200,1.596,31876.9
1201,1.611,31902.7
1202,1.606,31929.1
1203,1.604,31955.1
1204,1.597,31979.5
1205,1.605,32006.4
1206,1.618,32030.9
1207,1.626,32057.2
1208,1.618,32083.9
1209,1.605,32110.6
1210,1.607,32134.9
1211,1.595,32161.3
1212,1.577,32197.1
1213,1.628,32225.9
1214,1.617,32252.4
1215,1.617,32279.6
1216,1.622,32303.8
1217,1.632,32329.2
1218,1.623,32357.6
1219,1.618,32383.6
1220,1.605,32408.9
1221,1.608,32435
1222,1.616,32459.9
1223,1.641,32484.5
1224,1.66,32519.6
1225,1.649,32544
1226,1.63,32571.3
1227,1.612,32597.4
1228,1.574,32622.9
1229,1.584,32650.2
1230,1.581,32676.7
1231,1.581,32702.3
1232,1.548,32728
1233,1.55,32756.1
1234,1.566,32781.3
1235,1.576,32807.9
1236,1.597,32843.5
1237,1.598,32871.8
1238,1.581,32899
1239,1.597,32924.6
1240,1.593,32951.2
1241,1.592,32977.8
1242,1.579,33004
1243,1.584,33028.1
1244,1.607,33053.4
1245,1.585,33081.4
1246,1.577,33106
1247,1.563,33141.4
1248,1.6,33168.4
1249,1.587,33193.8
1250,1.584,33220.8
1251,1.608,33247.2
1252,1.599,33272.5
1253,1.576,33297.4
1254,1.578,33325.5
1255,1.598,33350.3
1256,1.566,33376.8
1257,1.581,33403.1
1258,1.578,33428.6
1259,1.562,33463.3
1260,1.564,33489.6
1261,1.545,33515.3
1262,1.53,33540.5
1263,1.532,33566.5
1264,1.541,33593.6
1265,1.543,33621.4
1266,1.564,33647.8
1267,1.567,33674.3
1268,1.59,33700.4
1269,1.57,33727.7
1270,1.609,33754
1271,1.609,33787.7
1272,1.62,33816.1
1273,1.592,33841.8
1274,1.586,33868.6
1275,1.578,33894.6
1276,1.554,33919.7
1277,1.528,33946.3
1278,1.54,33973.3
1279,1.53,33998
1280,1.539,34025.4
1281,1.534,34054.5
1282,1.531,34081.9
1283,1.519,34114.5
1284,1.529,34140.6
1285,1.531,34166.2
1286,1.547,34192.7
1287,1.531,34219.7
1288,1.549,34244.1
1289,1.559,34268.7
1290,1.558,34295.4
1291,1.561,34320.6
1292,1.574,34344.9
1293,1.61,34372.6
1294,1.601,34397.8
1295,1.621,34432.7
1296,1.596,34459.6
1297,1.578,34484.2
1298,1.563,34511.3
1299,1.571,34537.7
1300,1.548,34564.3
1301,1.558,34589.9
1302,1.557,34619.1
1303,1.542,34645.8
1304,1.553,34672.5
1305,1.576,34701
1306,1.54,34724.3
1307,1.54,34757.6
1308,1.534,34784.7
1309,1.551,34813.9
1310,1.531,34839.8
1311,1.534,34866.1
1312,1.548,34892.2
1313,1.558,34918.3
1314,1.562,34944.6
1315,1.576,34971
1316,1.576,34998
1317,1.571,35026.2
1318,1.582,35051
1319,1.603,35084.5
1320,1.61,35112.1
1321,1.599,35137.9
1322,1.596,35164.8
1323,1.578,35191.3
1324,1.565,35215.7
1325,1.572,35241.9
1326,1.559,35267.2
1327,1.55,35292.5
1328,1.551,35321
1329,1.559,35347
1330,1.58,35374.3
1331,1.58,35409.9
1332,1.57,35436
1333,1.596,35461.6
1334,1.558,35487.4
1335,1.589,35513.3
1336,1.59,35539.8
1337,1.622,35565.2
1338,1.607,35592.1
1339,1.616,35621.2
1340,1.59,35648.3
1341,1.598,35676.1
1342,1.619,35711.2
1343,1.639,35738.6
1344,1.635,35764.7
1345,1.618,35791
1346,1.612,35817.1
1347,1.598,35842.7
1348,1.597,35867.9
1349,1.594,35895.6
1350,1.581,35924.6
1351,1.573,35950.2
1352,1.554,35979.1
1353,1.563,36005.4
1354,1.581,36039.6
1355,1.57,36066.6
1356,1.581,36093.3
1357,1.578,36119.8
1358,1.578,36149.4
1359,1.587,36173.9
1360,1.6,36200.9
1361,1.602,36229.6
1362,1.596,36255.9
1363,1.576,36281.1
1364,1.559,36309
1365,1.544,36334.8
1366,1.538,36367
1367,1.539,36394.1
1368,1.537,36421.5
1369,1.526,36448.7
1370,1.542,36477.2
1371,1.56,36504.7
1372,1.571,36530.8
1373,1.58,36557.5
1374,1.563,36583.8
1375,1.549,36611.4
1376,1.539,36640.2
1377,1.514,36666.1
1378,1.503,36698.8
1379,1.496,36723.8
1380,1.494,36750.4
1381,1.485,36776.1
1382,1.548,36804.2
1383,1.559,36830.2
1384,1.552,36855.4
1385,1.562,36882.6
1386,1.543,36907.7
1387,1.573,36934
1388,1.548,36960.7
1389,1.542,36986.8
1390,1.581,37019.9
1391,1.564,37046.1
1392,1.564,37071.6
1393,1.579,37102.2
1394,1.572,37128.7
1395,1.569,37154
1396,1.542,37179.7
1397,1.574,37206
1398,1.571,37231.5
1399,1.587,37258.4
1400,1.584,37284.2
1401,1.578,37309.7
1402,1.575,37343.2
1403,1.602,37369.8
1404,1.616,37395.4
1405,1.602,37421.2
1406,1.608,37446.8
1407,1.604,37474.8
1408,1.586,37500.6
1409,1.559,37526
1410,1.563,37551.3
1411,1.557,37577.2
1412,1.57,37604.4
1413,1.575,37629.7
1414,1.577,37663
1415,1.572,37689.8
1416,1.561,37716.9
1417,1.588,37745.5
1418,1.577,37770.4
1419,1.592,37796.7
1420,1.571,37821.1
1421,1.578,37849.2
1422,1.595,37874.8
1423,1.616,37901.4
1424,1.576,37926
1425,1.575,37951.5
1426,1.553,37984.8
1427,1.553,38013
1428,1.573,38038.1
1429,1.561,38064.4
1430,1.564,38090.9
1431,1.564,38117.4
1432,1.553,38142.1
1433,1.557,38170.2
1434,1.563,38196
1435,1.542,38220.3
1436,1.566,38245.6
1437,1.587,38278.7
1438,1.601,38308
1439,1.596,38334.8
1440,1.587,38359.7
1441,1.585,38384.9
1442,1.587,38413.4
1443,1.619,38438.7
1444,1.591,38465.7
1445,1.574,38491.1
1446,1.55,38515.7
1447,1.537,38542.4
1448,1.526,38570.5
1449,1.535,38603.2
1450,1.515,38628.3
1451,1.534,38654.2
1452,1.552,38680
1453,1.575,38707
1454,1.558,38732.4
1455,1.552,38756.3
1456,1.537,38781.6
1457,1.529,38807.1
1458,1.507,38832.6
1459,1.504,38859.6
1460,1.526,38886
1461,1.521,38917.2
1462,1.522,38941.6
1463,1.525,38969.5
1464,1.522,38994.6
1465,1.53,39020.8
1466,1.533,39048.5
1467,1.551,39075.5
1468,1.525,39101.1
1469,1.537,39129.1
1470,1.525,39155
1471,1.53,39182.1
1472,1.534,39208.1
1473,1.514,39239.7
1474,1.511,39264.8
1475,1.498,39290.5
1476,1.519,39316.5
1477,1.535,39343.4
1478,1.564,39370.8
1479,1.596,39396.4
1480,1.604,39420.8
1481,1.576,39445.8
1482,1.585,39470.8
1483,1.57,39496.4
1484,1.566,39522.1
1485,1.583,39554.9
1486,1.615,39581.2
1487,1.59,39607.8
1488,1.577,39632.1
1489,1.586,39659.2
1490,1.585,39684.3
1491,1.584,39708.4
1492,1.57,39734.4
1493,1.577,39758.8
1495,1.571,39808.9
1496,1.572,39836.4
1497,1.563,39867.6
1498,1.53,39893
1499,1.573,39922.4
1500,1.593,39947
